{
    "camera":
    {
        "resolution": [640, 480],
        "transform": [
            {
                "lookat":
                {
                    "position": [0.07, -0.48, 0.3],
                    "target": [0, 0, 0.07],
                    "up": [0, 0, 1]
                }
            }
        ],
        "s": 0.4,
        "z_near": 0.1,
        "z_far": 20
    },
    "background": [
        0.5, 0.5, 0.5
    ],
    "objects": [
        {
            "filename": "bunny.ply"
        }
    ]
}
